<beans xmlns="http://www.springframework.org/schema/beans"
	xmlns:xsi="http://www.w3.org/2001/XMLSchema-instance" xmlns:context="http://www.springframework.org/schema/context"
	xsi:schemaLocation="http://www.springframework.org/schema/beans
	http://www.springframework.org/schema/beans/spring-beans.xsd
	http://www.springframework.org/schema/context
	http://www.springframework.org/schema/context/spring-context.xsd">
     
	<context:component-scan base-package="com.cts.pms.controller"></context:component-scan>
	<bean id="viewResolver"
		class="org.springframework.web.servlet.view.InternalResourceViewResolver">
		<property name="prefix">
			<value>/WEB-INF/views/</value>
		</property>
		<property name="suffix">
			<value>.jsp</value>
		</property>
	</bean>
	<bean id="ds" class="org.apache.commons.dbcp.BasicDataSource">
		<property name="driverClassName"
			value="com.mysql.cj.jdbc.Driver" />
		<!-- value="com.mysql.jdbc.Driver" /> -->
		<property name="url" value="jdbc:mysql://localhost:3306/project" />
		<property name="username" value="root" />
		<property name="password" value="pass" />
		<property name="initialSize" value="2" />
		<property name="maxActive" value="5" />
	</bean>
</beans>