<?xml version="1.0" encoding="UTF-8"?>

<beans xmlns="http://www.springframework.org/schema/beans"
    xmlns:xsi="http://www.w3.org/2001/XMLSchema-instance"
    xmlns:mvc="http://www.springframework.org/schema/mvc" 
    xmlns:p="http://www.springframework.org/schema/p"
    xmlns:context="http://www.springframework.org/schema/context"
    xsi:schemaLocation="http://www.springframework.org/schema/beans
    http://www.springframework.org/schema/beans/spring-beans-3.2.xsd
    http://www.springframework.org/schema/context
    http://www.springframework.org/schema/context/spring-context-3.2.xsd 
    http://www.springframework.org/schema/mvc
    http://www.springframework.org/schema/mvc/spring-mvc-3.2.xsd">

	<mvc:annotation-driven></mvc:annotation-driven>
	
	<context:annotation-config></context:annotation-config>
	
	<context:component-scan base-package="com.cts.controller"></context:component-scan>
	<bean id="viewResolver"
		class="org.springframework.web.servlet.view.InternalResourceViewResolver">
		<property name="prefix">
			<value>/WEB-INF/views/</value>
		</property>
		<property name="suffix">
			<value>.jsp</value>
		</property>
	</bean>	
	<bean id="ds" class="org.apache.commons.dbcp.BasicDataSource">
		<property name="driverClassName"
			value="com.mysql.cj.jdbc.Driver" />
		<!-- value="com.mysql.jdbc.Driver" /> -->
		<property name="url"
			value="jdbc:mysql://localhost:3306/product" />
		<property name="username" value="root" />
		<property name="password" value="root" />
		<property name="initialSize" value="2" />
		<property name="maxActive" value="5" />
	</bean>
	
</beans>